{
  "val": {
    "mae": 302.5993430177738,
    "rmse": 424.53664377600967,
    "r2": 0.628768199893992
  },
  "test": {
    "mae": 334.3635706719591,
    "rmse": 477.84171808672966,
    "r2": 0.5298278925284562
  }
}